{
  "Name": "BLP_wd20_66_v2_pairs_0",
  "batch_size": 960,
  "embedding_dim": 160.0,
  "evaluation_batch_size": 10.0,
  "learning_rate": 0.0093099562683248,
  "loss": "MarginRankingLoss",
  "model": "BLP",
  "num_epochs": 100,
  "scoring_fct_name": "transe",
  "test.both.avg.adjusted_mean_rank": 0.4529026135886209,
  "test.both.avg.hits_at_1": 0.002720348204570185,
  "test.both.avg.hits_at_10": 0.033460282916213266,
  "test.both.avg.hits_at_3": 0.01224156692056583,
  "test.both.avg.hits_at_5": 0.01877040261153428,
  "test.both.avg.mean_rank": 1662.1471708378672,
  "test.both.avg.mean_reciprocal_rank": 0.015641098203328787,
  "training_approach": "slcwa",
  "training_kwargs_num_negs_per_pos": 80.0
}