{
  "Name": "BLP_wd20_100_v1_pairs_0",
  "batch_size": 384,
  "embedding_dim": 192.0,
  "evaluation_batch_size": 10.0,
  "learning_rate": 0.005035765756205903,
  "loss": "MarginRankingLoss",
  "model": "BLP",
  "num_epochs": 238,
  "scoring_fct_name": "transe",
  "test.both.avg.adjusted_mean_rank": 0.22783959805445964,
  "test.both.avg.hits_at_1": 0.019178082191780826,
  "test.both.avg.hits_at_10": 0.1232876712328767,
  "test.both.avg.hits_at_3": 0.05068493150684932,
  "test.both.avg.hits_at_5": 0.0821917808219178,
  "test.both.avg.mean_rank": 282.0232876712329,
  "test.both.avg.mean_reciprocal_rank": 0.05733214291826123,
  "training_approach": "slcwa",
  "training_kwargs_num_negs_per_pos": 31.0
}