{
  "Name": "QBLP_wd20_66_v1_pairs_4",
  "batch_size": 960,
  "dim_transformer_hidden": 768.0,
  "embedding_dim": 128.0,
  "evaluation_batch_size": 10.0,
  "label_smoothing": 0.15,
  "learning_rate": 0.0014451192932826325,
  "loss": "BCEWithLogitsLoss",
  "max_num_qualifier_pairs": "[4]",
  "model": "QBLP",
  "num_epochs": 401,
  "num_transformer_heads": 4.0,
  "num_transformer_layers": 3.0,
  "test.both.avg.adjusted_mean_rank": 0.3084192537964002,
  "test.both.avg.hits_at_1": 0.008984725965858042,
  "test.both.avg.hits_at_10": 0.07142857142857142,
  "test.both.avg.hits_at_3": 0.02830188679245283,
  "test.both.avg.hits_at_5": 0.03998203054806829,
  "test.both.avg.mean_rank": 1014.1044474393532,
  "test.both.avg.mean_reciprocal_rank": 0.032018721955305814
}