{
  "Name": "QBLP_wd20_100_v1_pairs_0",
  "batch_size": 896,
  "dim_transformer_hidden": 640.0,
  "embedding_dim": 160.0,
  "evaluation_batch_size": 10.0,
  "label_smoothing": 0.1,
  "learning_rate": 0.00045484715659366737,
  "loss": "BCEWithLogitsLoss",
  "max_num_qualifier_pairs": "[0]",
  "model": "QBLP",
  "num_epochs": 696,
  "num_transformer_heads": 4.0,
  "num_transformer_layers": 4.0,
  "test.both.avg.adjusted_mean_rank": 0.2891318662468667,
  "test.both.avg.hits_at_1": 0.015068493150684932,
  "test.both.avg.hits_at_10": 0.12602739726027398,
  "test.both.avg.hits_at_3": 0.05068493150684932,
  "test.both.avg.hits_at_5": 0.08082191780821918,
  "test.both.avg.mean_rank": 357.8917808219178,
  "test.both.avg.mean_reciprocal_rank": 0.055212256845138585
}