{
  "Name": "QBLP-slcwa_wd20_66_v2_pairs_2",
  "batch_size": 128,
  "dim_transformer_hidden": 1024.0,
  "embedding_dim": 200.0,
  "evaluation_batch_size": 30.0,
  "label_smoothing": 0.1,
  "learning_rate": 0.0011416835908356704,
  "loss": "MarginRankingLoss",
  "max_num_qualifier_pairs": "[2]",
  "model": "QBLP",
  "num_epochs": 101,
  "num_negs_per_pos": 32.0,
  "num_transformer_heads": 2.0,
  "num_transformer_layers": 3.0,
  "test.both.avg.adjusted_mean_rank": 0.5367386628326323,
  "test.both.avg.hits_at_1": 0.004091653027823241,
  "test.both.avg.hits_at_10": 0.025913802509547192,
  "test.both.avg.hits_at_3": 0.012274959083469721,
  "test.both.avg.hits_at_5": 0.016639388979814512,
  "test.both.avg.mean_rank": 1969.8244680851064,
  "test.both.avg.mean_reciprocal_rank": 0.013931387670101507,
  "training_approach": "slcwa"
}