{
  "Name": "QBLP-slcwa_wd20_66_v2_pairs_0",
  "batch_size": 192,
  "dim_transformer_hidden": 512.0,
  "embedding_dim": 256.0,
  "evaluation_batch_size": 30.0,
  "label_smoothing": 0.1,
  "learning_rate": 0.004013989204532026,
  "loss": "MarginRankingLoss",
  "max_num_qualifier_pairs": "[0]",
  "model": "QBLP",
  "num_epochs": 49,
  "num_negs_per_pos": 4.0,
  "num_transformer_heads": 2.0,
  "num_transformer_layers": 2.0,
  "test.both.avg.adjusted_mean_rank": 0.42484075904337115,
  "test.both.avg.hits_at_1": 0.0008161044613710555,
  "test.both.avg.hits_at_10": 0.018226332970620242,
  "test.both.avg.hits_at_3": 0.005984766050054407,
  "test.both.avg.hits_at_5": 0.007889009793253536,
  "test.both.avg.mean_rank": 1559.1605005440695,
  "test.both.avg.mean_reciprocal_rank": 0.009365581793788613,
  "training_approach": "slcwa"
}