{
  "Name": "QBLP_semi_wd20_33_pairs_4",
  "affine_transformation": false,
  "batch_size": 256.0,
  "dim_transformer_hidden": 1024.0,
  "embedding_dim": 128.0,
  "evaluation_batch_size": 30.0,
  "label_smoothing": 0.15,
  "learning_rate": 0.00035212939846635487,
  "loss": "BCEWithLogitsLoss",
  "max_num_qualifier_pairs": "[4]",
  "model": "QBLP",
  "num_epochs": 352,
  "test.both.avg.adjusted_mean_rank": 0.1137654468551965,
  "test.both.avg.hits_at_1": 0.19408502772643246,
  "test.both.avg.hits_at_10": 0.4020332717190388,
  "test.both.avg.hits_at_3": 0.28766173752310537,
  "test.both.avg.hits_at_5": 0.33895563770794823,
  "test.both.avg.mean_rank": 524.2246996303144,
  "test.both.avg.mean_reciprocal_rank": 0.343465284602658
}